feature,mean_importance
sepal width (cm),-0.010045224589932905
sepal length (cm),0.03981290943430443
petal length (cm),2.9256447998022566
