feature,mean_importance
sepal length (cm),-0.020722521149686413
sepal width (cm),-0.003156555577048248
petal length (cm),2.1090551337227224
