feature,shap_importance
petal length (cm),6.876300811767578
sepal length (cm),0.583929181098938
sepal width (cm),0.2676650881767273
