feature,shap_importance
petal length (cm),6.50457763671875
sepal length (cm),0.4968302845954895
sepal width (cm),0.28895482420921326
