feature,shap_importance
petal length (cm),4.9575299968782875
sepal length (cm),2.5190100174435717
sepal width (cm),1.1560240232668706
