feature,shap_importance
petal length (cm),5.831522395043537
sepal width (cm),2.4050538736483054
sepal length (cm),2.1617630439061704
