feature,mean_importance
sepal width (cm),0.19893336989602908
sepal length (cm),0.3049927320592035
petal length (cm),1.0927118191714797
