,setosa,versicolor,virginica
intercept,-0.6861184426799314,1.308417551352694,-0.622299108672765
sepal length (cm),-1.2279169207400333,0.7384914824616958,0.4894254382783383
sepal width (cm),0.955291929327791,-0.618426295667848,-0.3368656336599424
petal length (cm),-2.0633640733441094,-0.7969420508721977,2.860306124216307
