feature,mean_importance
sepal width (cm),0.2376394850518438
sepal length (cm),0.2630855081227386
petal length (cm),1.8834117334745044
