feature,mean_importance
sepal length (cm),0.4969297300371965
sepal width (cm),0.6728311839199822
petal length (cm),2.084113868995302
