feature,mean_importance
sepal width (cm),0.026396445326547814
petal length (cm),0.0764926613148968
sepal length (cm),0.11323677819316251
