feature,shap_importance
petal length (cm),0.9195320187295193
sepal length (cm),0.23619914868989006
sepal width (cm),0.09156931567305927
