feature,shap_importance
petal length (cm),0.8609304861446416
sepal length (cm),0.22687055965148428
sepal width (cm),0.027657887111287353
