feature,mean_importance
sepal width (cm),0.009646707486159135
sepal length (cm),0.08518416445120512
petal length (cm),1.0687616627209953
