feature,mean_importance
sepal width (cm),0.036393634185110324
sepal length (cm),0.11828693541001549
petal length (cm),3.683493792754345
